189058897456267266,Impresionante las vistas por dentro del nicho del buda ... y mucho v√©rtigo  #Afganist√°n #Bamiy√°n http://t.co/tFB8iknI,P
177818719551094784,Ay ma√ëica ojala pronto. RT @salaver7: @AlejandroSanz cuando vienes a zgz y aces un conciertico jajaaja,P
802721540076761090,"Hoy hice el gol de mi vida, perdimos 8-1 pero hice el gol de mi vida",P
183172173685456896,Feliz!! #yeswespain y #yeswespainISDIFFERENT han superado los 150.000 espectadores!! Gracias a todos!!,P
818880366866010112,Ser feliz si eso significa alejarte de personas que quieres pero que te hicieron da√±o importa mas tu felicidad,NEU
164758648231428096,Recuentos y m√°s recuentos en el PSOE. Dos dirigentes diferentes creen hoy que ganar√° Chac√≥n con una ventaja c√≥moda de unos 50 votos,P
814945032096649217,Amo los vestidos largos y los enterizos,P
170156542895718400,Gracias Rosa @wellcomm: @byuste se pospone entrevista para jueves pr√≥ximo. Hablamos!,P
146174846710194176,Hay corresponsales alemanes y franceses en la sala de prensa del PP. Otra se√±al de que algo ha cambiado aqu√≠,NONE
808489751816929280,"@ReinerJosueUH que raro, el m√≠o si es real",NEU
797257564463316992,@MarifeCastroR si que bueno les gusto eso buscamos que las personas les guste la interpretaci√≥n y cosplay muchas gracias a ti,P
184002621068156928,Al 90% en Asturias: PSOE: 16; FAC: 13; PP: 10: IU: 5; UPyD:1.,NONE
779685439451992064,Quiero cambiar de posici√≥n el cuarto pero soy tan indecisa que si despu√©s no me gusta me voy a sentir mal por una semana,N
787109294806216704,Ese momento en que vas camino a una despedida de soltero y te das cuenta que ya sos adulto,N
150161971969396736,"Y mil #FF m√°s para ella RT @fernandomorales: Mi #FF es √∫nico, exclusivo e intransferible para @sanchez_sonia por muchas cosas. #hedicho",P
164089592004362240,"Nada, seguimos sin noticias de Rajopy. Y, efectivamente, Chequia dice NO al Pacto Fiscal",N
144565001825423361,"RT:‚Äú@fernavarro17: ""En los peri√≥dicos falta calor, sudor.. humanidad"". Gran entrevista sobre periodismo http://t.co/vDBsdOsT‚Äù v√≠a @ceciliab",NEU
786813271466651649,"Cuando estas bien con DIOS el enemigo te pone incapie en el camino, pero yo no tengo miedo por que mi F√â esta en DIOS.",P
770010128720486400,@ignatiareilly una oleada de cosas hom√≥fobas d√≠as anteriores ,N
771024885988618240,@Garabatos ya est√°s aqu√≠? üòÇüòÇ Esta semana lo tengo complicado pero a la otra vamos ,NEU
811460112330137600,"@JacoboCisneros es Joda, tranquilo un chico tan simp√°tico como tu no deber√≠a molestarse sonrie o envejeceras !",NEU
151233531002109952,Totalmente de acuerto  RT @amatud: Si quieres leer entre l√≠neas s√≥lo recuerda que Page es el delf√≠n de Bono...,NEU
177409934206582784,les comparto ! http://t.co/5vbt7Nlr,NONE
144494768586633216,Andaluc√≠a pretende 'robar' los colegios de los curas y monjas. Se lo contamos en el @TelediarioInter 20:30,N
170852898241134592,Impresionante foto de la gran representaci√≥n del @PPMalaga en el #17congresopp c/c @eliasbendodo ;-))) http://t.co/TvA8jlTG,P
177817720719540225,Un abrazo enorme que no nos impresionen las cifras RT @wasalcedo: con 5 millones de usuarios hay que tener suerte ... http://t.co/bldsBjyi,P
152775528229777409,En el PP calculaban un deficit as√≠ desde antes del 20N. Escudarse en el imprevisto es mentir.,N
773017884968808448,Buenos d√≠as bbs qu√© tal yo mal ,N
179811279370850304,Amnist√≠a Internacional denuncia 31 m√©todos de tortura del r√©gimen sirio en un a√±o de revueltas http://t.co/QwExnIRi via @rtve,N
800541992614699011,No es bonito estar sin celular,N
773162483821449216,que ganas del FF XV en serio ,NEU
157813875251744768,La Vicepresidenta dice que se cambiar√°n las leyes para reforzar la seguridad de los menores y no valora sentencia #martadelcastillo,NONE
162534020691927041,‚Äú@celta_7_: @David_Busta. Cuanto entrenas cada dia?‚ÄùUNAS 2 HORASÓÄé,NONE
173687835969327104,‚Äú@martagg: @David_Busta tu rompes el mito que los artistas no se levantan antes de la 1 no?buenos d√≠as desde Ibiza‚Äù Me he ca√≠do de la cama!Óêç,P
770571007736287232,"@lithospheric Mejor. Cuando pagan la ESA y la NASA, al fin y al cabo pagamos todos  Que chulada!",P
189638603264106496,"El Gobierno se topa con la realidad, por @Nuno_Rodrigo5  http://t.co/mOvzLDpN",N
811976287694848004,#MeDicenLindoPor mis grandes ojos con pesta√±as s√∫per pobladas,NONE
808842829657149440,"@ppkamigo Mis Felicitaciones para Usted Se√±or Presidente. Su mensaje fue muy bueno, firme y directo. Mi familia y yo le mandamos saludos!",P
181712408291708930,En Proyecto Hombre #malaga est√°n 650 personas en tratamiento y 10.000 adolescentes en prevenci√≥n. La Junta no los apoya. Quieren cambio,N
800846240468660224,@jrojasnovoa eso mismo de hecho has logrado un mont√≥n porque valoras el esfuerzo y eso es m√°s bien envidiable,P
182743531234922497,Seg√∫n el relato de EP la √∫nica presi√≥n que se materializ√≥ fue regalarle a una de las rumanas una camiseta del Madrid. P√≥lvora en salvas.,N
760726897819017216,"@CotoLau @AndreCorts yo tambi√©n tuve los libros de AMP y no me convecieron :/, yo pas√© los ex√°menes pero gracias a los ex√°menes viejos",NEU
188428210625716224,Servitas #cofradiasmlg #malaga .  @ Centro Historico de M√°laga http://t.co/mMsHCGFt http://t.co/LU1DnOpW,NONE
796254025033322496,Que dicha que me vale todo lo que todo el mundo diga,P
761704669676789761,@SalvatoreCaro siiiiiii justo te iba a escribir !!!!! Ni modo as√≠ suceden las cosas.... Siguiente semana a mi regreso de #Rio2016 !!!!,NONE
162719659550965761,"RT @RM_Team  El episodio de #Glee ""The Spanish Teacher"" sale al aire este 7 de Feb, 8pm EST en FOX! No C lo pierdan! http://t.co/l9U1nMNJ",P
818918670093127681,Odio la burocracia y mucho m√°s la burocracia mal estructurada,N
148380334977843200,"Con @pacodelatorrep en la ermita de la Virgen de la Paloma de Mangas Verdes , Patrona de Verdiales http://t.co/6VFuG257",NONE
186709163383070720,7 muertos en las carreteras durante 1¬™ fase de operaci√≥n especial de tr√°fico de la Semana Santa (desde 15 h vienes a 24 h del domingo) DGT,N
817898537237086210,"Ricardito es un buen amigo y su abuelita necesita apoyo. RT por favor, gracias BBVA: 0011-0057-0211103133",P
807067871792611328,+ a veces se la ped√≠a prestado se molest√≥ y me la vendi√≥ para que no la joda. Ahora ella es la que m√°s la usa,NONE
188362923503132672,Religi√≥n 2.0:la Iglesia se vuelca en las redes sociales para rejuvenecer su feligres√≠a. #portadaEPC de S√°bado de Pasi√≥nhttp://t.co/r8bAzxKO,P
770915801654329344,"Voy a sentar a mi sobrina en el m√©dico y me dicen uno s√∫per mal ""est√° ocupado"" y le digo yo, pues se desocupa para la ni√±a ",N
147257058817871873,"Rosa D√≠ez acepta que se le sume el diputado de Cascos. Lo hab√≠a rechazado y lo critic√≥ en 2008 cuando lo hicieron ERC, IU, ICV y BNG.",NEU
809600062804361217,"@mariellymc y me responde, a no gracias estoy a dieta jjajajajaja",NONE
188933788812853248,"Con el pollo que montar√© ma√±ana ver√°s como no.‚Äú@merpiera: @antoniocamunas siguiendo una l√≥gica aplastante, en verano la oferta ser√° a 40‚Ç¨!‚Äù",N
148748701639262208,"#discursorajoy Lo bueno-poco- bien explicado. Lo malo- mucho- apenas insinuado. Conclusi√≥n: hasta los idus de marzo, no sabremos.",NEU
178059517144211456,"Francia conf√≠a en Espa√±a, que est√° haciendo ¬´un gran trabajo¬ª http://t.co/vfLxBPCH",P
151001942078926849,"¬øNo os parece que al pedir ""ejemplaridad"" y ""√©tica"" adem√°s de ""legalidad"" el Rey ha subido tambi√©n el list√≥n para Camps, Chaves o Blanco?",NEU
185711321264816128,La luz dom√©stica sube un 7% #pge,N
768113469912674305,"@Bvillamor_gay ha sido un placer! Muy profesionales  hoy en @ed_tve a las 19,39 ",P
156004457061163009,Expresos del franquismo forman 'La Comuna' para exigir justicia. Por @Diego_Barcala. http://t.co/5OhElBh3 #porqueP√∫blicohacefalta,N
801653978991886336,@andynuinsa @NachoSantos7 me dejo congelado. Por algo es el amo de los ratings!!!,P
804903069360287744,¬øQui√©n va a querer a un tipo que llega a su casa a las 12 de la noche a su casa 5 veces por semana? ¬øY que no tiene findes ni feriados?,N
165457354404528128,Nuevo logo de derechos humanos.Que se extienda por el mundo. Abrazos y feliz viernes !! http://t.co/dj25oFDc,P
180975772318699520,"Lo que dijo Mayor Oreja es que ETA, en funci√≥n del resultado electoral, se replantear√° si vuelve a matar... http://t.co/VLwTFHQw 2/2",N
786053094538752000,No muchas cosas me han hecho tan feliz en estos d√≠as como darme cuenta que todo Ape in pink marble de Devendra Banhart est√° en spotify.,P
182815264994369537,Inaugurado el #Mercadona del ABC de Serrano. El Barrio de Salamanca se proletariza.,P
147029623987908609,"Un placer! ;-) RT @los30tuiteros: Vemos a @Cepeda, habitual en nuestro ranking, en la sesi√≥n extraordinaria de #iesecampa√±as",P
760353716826353664,"@WillyrexYT y repito: lo siento por no haberte hecho nada hay un gran evento en mi pa√≠s (La Romer√≠a) y no he tenido tiempo, apenas pueda",NEU
180171386789179392,"El 'nuevo iPad', un triunfo comercial antes de su lanzamiento el viernes http://t.co/PTgTnvh0",P
167253954504294400,"Invercaria reparti√≥ ""casi 50 millones"" entre 2005 y 2010 ""sin control ni procedimiento"" http://t.co/lNTikM4X #Gri√±an y su trama",N
166243765751775233,"Ma√±ana en #losdesayunosdetve analizamos en tertulia la victoria de Rubalcaba en el #38CongresoPSOE , Garz√≥n, Siria y m√°s.... A las 9.",P
816852552184631297,@dileivac los trabajos de ese curso son bonitos. ¬øQu√© tiene q hacer?,P
146524481219870720,"as√≠ es la vida... ‚Äú@toribiobea: Como los diputados pueden hacer fotos y los periodistas no, ah√≠ va una ..RT @Tonicanto1 moby.to/hglajs‚Äù",NONE
145082451880968192,"Merkel, Sarko y Barroso charlando en pie. Cameron sentado solo con cara de enfado #euco",N
185390504345731072,"Venga, ya estamos en portada en el Wall Street Journal http://t.co/lkenl22U",P
787053672400195584,Dios guarda para mi lo mejor por que mi fe en el siempre perdurara por la eternidad. Quien busca encuentra y no se conforma con poco.,P
176093717369864192,Impresionante el trabajo en el CERI de Sevilleja Castilla-La Mancha muy bien en la conservaci√≥n del √°guila imperial http://t.co/Rw680boy,P
177343350771421184,¬°Noticias descombacantes! est√° disponible! http://t.co/pdWFYyRa,P
794949226715316224,Lo que se enoj√≥ cuando le dije que me iva a ir a pachanga :v jajajajajaja lindo amiguito result√≥ ser,N
157851591658049537,A la cola por las auton√≥micas RT @pedroj_ramirez Ya era hora. El Gobierno cambiar√° la ley para facilitar privatizaci√≥n http://t.co/hJJGhf2Z,N
814535672547553280,"@JordiWild Primero los XV de Ruby ahora Tongo, jaja Giorgio de a pocos vas conociendo Latinoamerica ... aunque no la mejor cara",NONE
174748706447437824,Pobre. Hacemos colectaaa El fundador de Megaupload pide al Tribunal 130.000 euros mensuales para vivir http://t.co/mlRLAGVh via @rtve,NEU
176711147137933312,"#Invercaria, √∫ltimo eslab√≥n de la cadena de corrupci√≥n en la Junta de Andaluc√≠a  http://t.co/eYU523Ja Eso espero...",N
770940498710257666,"@_lauu_20 Gracias por lo de ""√≠dolo""  Aunque solo soy una persona normal y corriente que escribe libros ",P
781134036622245888,"voy a salir a comprar mayolicas y acabados a habich, veamos q sucede en el camino, la gente buena celulares prendidos porfavor, 3, 2 ,1",NONE
801524549976145920,@LaliaB24 No podr√© concursar entonces y encima el proximo mes se vence mi suscripci√≥n al gimnasio.,N
154179306841571330,"Las razones de P√∫blico, por @jesusmarana http://t.co/iPBjnU8Y",NONE
143140299236065280,RT @Nosesiaporto: Vamos Chilenos ! ultimo esfuerzo! al banco! queda poco y lo lograremos!!! La teleton te necesita!!!,P
790414725708410880,"Se nos est√° volviendo costumbre del domingo por la noche, ver el episodio anterior de SNL y eso me hace recibir el lunes en un mejor mood",P
168446238096752642,Aunque quiz√° la puerta de la calle Pez te lleve a esta otra. En Per√∫. http://t.co/y0BPhSxe,NONE
770644810118168576,"@LaQueSoySiempre Te comprendo,dominar y anular como haces t√∫ conmigo al HABLARME en voz ALTA,ok ",N
769848646867222528,"@Rafuki21 178. Sabes que me caes muy muy bien, y que en un futuro te dar√© un poco el co√±azo con dudas de Dise√±o Gr√°fico ",P
184396894263455744,A eso del uso de un #hashtag para seguir un programa de televisi√≥n o una serie lo llaman #socialTV,NONE
165848564621250560,Puede ser RT @balerma75: @mariviromero @PSOEmalaga Tuitear√°n tras las elecciones andaluzas a favor de @javierarenas_pp ?  #quecosas,P
813854554001436677,@zeroanima Esto me hizo feliz pero aun mas triste por no poder teletrabajar,N
172295260813279232,Lo que os adelant√© en exclusiva tuitera. Fernando Mart√≠n pierde la batalla legal con Jove por la compra de Fadesa http://t.co/y2jl9vFV,NEU
164830454191624192,"Creo que el Valencia CF mereci√≥ ganar esta noche, pero hay esperanza en el pr√≥ximo partido en Barcelona #creenlafinal",P
161407759844257792,"""El voto en blanco en el Congreso del PSOE""....son muchos en el PSOE los que siguen pensando que ni Rubalcaba ni Chac√≥nhttp://t.co/EUbPkDrI",N
177540539665760256,No s√© si ser√° convincente pero le hemos preguntado hoy a Gallard√≥n en una entrevista qu√© ha querido decir esta ma√±ana. ...,P
153407142676791297,El poema del domingo (Miguel de Unamuno) http://t.co/6Sjqv4iq,NONE
185829348832583681,@CarmeChaparro a m√≠ me da bien.,P
809770376209305600,Mi amor infinito al ser humano que me traiga un desayunito de @McDonalds_PER muero de hambre,NONE
808474227896676352,"No Dennis, no puedes cometer los mismo errores, es hora de cambiar y cometer nuevos errores",NEU
797094392725204993,"Me acaban de confundir con un estudiante universitario... es el mejor ""buenos d√≠as"" de todos",P
177311224797728769,.@anabeldn ¬øViolencia estructural? Qu√© barbaridad. ¬øSabe el ministro que no se obliga a abortar a nadie?,N
166279173172760576,"Aqu√≠ os dejo la portada de hoy, lunes 6 de febrero. Saludos a todos http://t.co/58VxMS1k",NONE
164797497791881216,"No creo, no? Rubalcaba estalla contra Gri√±√°n por tel√©fono y amenaza con impugnarle - Espa√±a http://t.co/MlmKwJcI via @elconfidencial",N
157380131923570688,"@PalomaCervilla @@merceperello @@PalomaCervilla por supuesto, pero no creo que negarse a malgastar dinero sea equivocarse",NEU
173895437286256640,... y si patento un puto GPS para maletas?!,N
155381574085509120,#pel√≠cula La historia del camello que llora es de mi estilo http://t.co/JC1LpOSP,NEU
152546048643055618,@David_Busta @puntopelota @jpedrerol @matallanas co√±o!!! Se me ha ido la se√±al!?vaya invento el TDT!,N
148106810044317697,Es verdad que el s√°bado por la tarde se rompen muchas parejas pero se pierden mas paraguas si llueve.,N
175146451486244865,En el Consejo Territorial del PSOE. http://t.co/TuOvC4yK,NONE
143358081777139712,‚Äú@Ryankuletz: Creo que @edurnity se ha puesto a responder tweets sobre apellidos por el iPhone. #cosasquenuncaentenderas :)‚Äùjaajjajajja,P
789234056374263808,Que ahuevado el accidente en Cinchona..,N
798744444790972416,"Por gusto redact√© un testamento para que Ale se lo publique a Steven ... Gracias Per√∫, me dejaste misio y encima Ale no publica nada",N
780613787376242703,@andreareyes6767 hola odiosa me hace falta,N
171642651035181057,Im√°genes y testimonios muestran la extrema dureza de las cargas policiales contra estudiantes en Valencia. http://t.co/p0PXwzCs,N
818568952188203010,En pleno 2017 y hay servicios que s√≥lo se pueden utilizar con Windows...,N
153250422600114176,FELIZ A√ëO A TODOS!!!!! Os deseo lo mejor!???????,P
161921302821744641,"A las 24:00h estar√© en el ""Diario de la Noche"" de @RTVMadrid, presentado por Ana Samboal",NONE
807156681419460608,Por esos amigos que les dices que estas triste y ya te est√°n planeando las salidas hasta los viajes a futuro con ellos Como los quiero,P
176283582883565568,Yo prefiero q lo diga expresamente RT @apm1949: @sevillajordi joder jordi donde estudiaste Son deducibles como cualquier write off de activo,NEU
175873862528020480,"""Putin quiere gobernar como Stalin y vivir como Abramovitch"" denuncia el opositor dem√≥crata Ilya Iachine.",N
770983534802632705,@perriestheory NO PONGAS COSAS PRIVADAS nah es que me ha molestado en serio ,N
166277555127717888,"El hombre, esta mayor... :)  @maximhuerta",NEU
811220709137596416,"#HolaATodos @rafaelcardozotv Necio!!!!!! Abre tu cerebro porfavor!!! No es la palabra, es el contexto",N
158256215531593729,Denuncia la vulneraci√≥n de la legalidad internacional sobre persecuci√≥n del genocidio por el TSupremo.,NEU
814127974593216513,"@MeDicenLauu felicidades Lau, que lo pas√©s genial",P
815626648443830273,"Lo bueno es que desayun√© al fin comida descente, y todos los ejercicios me han dado.",P
183207789458493441,El gobierno aprobar√° una ley de transparencia http://t.co/giTEJeM6 arrinconada en los cajones por el ejecutivo del PSOE http://t.co/yddp4pcc,NEU
170502634782990337,"Qu√© cansino es el tono de las comparecencias de los portavoces del Gobierno. Ahora y antes, como si dijeran a ver si os enter√°is de una vez.",N
770971664364498944,#ide el primer d√≠a de clase voy a proyectar una de estas fotograf√≠as y voy a pedir informaci√≥n sobre foto y autor A ver c√≥mo resuelven ,NONE
802020454345089024,Ojala que ma√±ana cuando vayan al Black Friday se toquen un poquito el coraz√≥n y tambi√©n donen a las personas que perdieron todo,P
770926989591056385,"@manuelortegama4 se llama Wolf, es la mascota #SeSalen en apoyo a los deportistas paral√≠mpicos 
M√°s inf https://t.co/KQl89uDr3h üòÉ",NONE
187936575982813184,Santa Cruz #malagasanta #cofradiasmlg   @ Alameda Principal http://t.co/ODIBd69r,NONE
765974724006543360,@soleyvelez @CarlosJRubiofm @Fansdelaradio @madshila ma√±ana 2¬∞ recordatorio subliminal #OigoFanatica,NONE
784546895616172032,"Lo ""bueno"" de viajar o te dejen por hacerlos;es que sacas linea sobre si,realmente,estas ""solo"" o no.En este caso,quedo mas que claro.",NONE
153148702633115648,Este pa√≠s definitivamente me vuelve melanc√≥lico!,N
171314180933160960,M√°s aplicaciones de medios en Facebook para llegar al p√∫blico joven http://t.co/zmUPXXB3 Con un medio de amigos es +f√°cil crear lectores,P
806926936706519040,@Edurraiba es lamentable un tema tan sensible jam√°s con ese enfoque,N
803832181068091393,No #SoyUnicoPorque mi DNI dice que hay 5 personas que se llaman igual okno . Soy √∫nico porque soy como soy con mis errores y virtudes,NONE
792008627381006336,"@Caf3consal mas o menos me pasa igual, salgo de Liberia a las 4:30 y llego tipo 10 a descansar",NONE
811730589732786176,@CaELiKe Que bueno Caeli. Pronto te vas a sentir mucho mejor.,P
184878451629637632,Buenos d√≠as!,NONE
815757000395096064,@CorralesKendy ya me ha pasado y eso que le estoy dando 20min pero es un dato falso porque siempre son 10min antes,NONE
770151752964382721,"@EduHdez7th @UDLP_Oficial Preciosa vista y gran resultado, enhorabuena ",P
812178946544504833,@sin_queso NOOOO omg siempre me pierdo los mejores fanarts,N
182350844891639808,"Montoro cree  q RTVE no tiene q competir con las privadas, por eso se puede descapitalizar.  Alguien le dir√° que aqu√≠ si no compites mueres?",N
814521156510236672,"@JEESrcismo por eso mismo. Yo no veo la diferencia en una supuesta ""vida sana"" impulsada por el veganismo y el resto",NONE
795401908328550400,"@LaEscude S√≠, a m√≠ tambi√©n me gust√≥ mucho, pero como todos esfuerzos sociales de Google, el problema es crearles volumen de usuarios.",N
171302136553029634,"@sanchez_sonia en este asunto, por m√°s que algunos discrepen, los datos cantan. No ha habido igualdad hasta que se ha forzado, y aun es poca",N
159895346007384065,Portada El Pa√≠s http://t.co/fopE5fCM ...,NONE
171333252316012544,Bar√ßa 0-1 Valencia.,NEU
800115163919683584,"Me he guardado desde el jueves para salir hoy... y mi mejor amiga me dice: me vino la regla, no la hago. La odio por perra!",N
177071610052878337,¬°Celebra 110 a√±os del club m√°s grande de la historia! Celebrate 110 years of the greatest club in history! http://t.co/3kRTblwG #HalaMadrid,P
178951083547303936,"Pues no es por insistir, pero es que no me la quito de la cabeza... http://t.co/9BVXFNBl LoveDannyBoyle &amp; LoveAvenueOfHope. Good Night.",P
770725676798410752,@ricki33_ me quedo con la t√≥nic ya sabes que soy un cl√°sico ,P
170627627403575297,Qu√© lecci√≥n de defensa acaba de darle el Fuenla al Madrid. S√≥lo Felipe tira del equipo. Eso lo dice todo.,P
819299515123515396,"Estimada @evaayllon, reciba un cordial saludo, nosotros somos el 1er Centro de Ozonoterapia en el Per√∫, contamos con muchos tratamientos",NONE
174535217225285632,"Ma√±ana program√≥n!!!! Grande-Marlaska  de la Audiencia Nacional y el embajador de Ir√°n en Espa√±a...Petr√≥leo, elecciones, derechos humanos...",P
162410010779987968,"El exministro Blanco declara hoy en TS.Est√° imputado,caso Campe√≥n, q investiga una presunta trama de cobro irregular de subenciones p√∫blicas",N
170128243448483840,"Rt‚Äú@AlbertoFreireB: VIVA ESPERANZA AGUIRRE. ""Aguirre reduce de 3.500 a 700 el n√∫mero de liberados sindicales en Madrid"". 72M ‚Ç¨ de ahorro.‚Äù",N
815777576564195328,Con entusiasmo y optimismo en este primer d√≠a del a√±o. Todo depende de lo que Dios me tiene preparado. #VamosConFe,NONE
149166634895020033,El p√∫blico inteligente est√° en las redes sociales. La educaci√≥n determina su uso m√°s que la riqueza. Impacto en medios http://t.co/CNF4O2fv,P
147560942195060736,Amaiur no cumple los requisitos y no tendr√° grupo parlamentario,N
762419931371622400,Delicioso @ San Rafael Ezcazu,P
786208178497134592,Se que la pena de muerte no es algo bueno . Pero que diablos podemos hacer con los violadores ! Yo no le veo otra salida,N
153989208736935937,Que sue√±o... Hasta ma√±ana. A descansar.,NEU
174447563397808129,Soraya S√°enz de Santamar√≠a denuncia en el Senado el derroche en el alquiler de edificios p√∫blicos. 100 millones de euros,N
801961069275181056,"@anfivas Ni que fueran c√°maras de cobalto. Tengo mucho tiempo de no broncearme por unas manchas en mi cara, son solo ganas de verme mejor",N
171195627655528449,"Hace un a√±o @pperezf y @iguardans me ayudaron a entender la importancia de los Goya. Gracias, espero que hoy sean un √©xito.",P
766699500891242496,"""√âl es raro, pero es hay q estar demasiado mal de la cabeza para querer estar con alguien tan da√±ada como yo"". -Yo, hablando con mi pap√°.",N
181257048518963200,"Ahora a descansar despu√©s de estos 3 conciertos seguidos en Puebla, Quer√©taro y San Luis Potos√≠.",NONE
161874352390930433,"Maleducado,perd√≥n.El representante del Congo retira la mano cuando se acerca a la princesa de Asturias http://t.co/upsmUNpR v√≠a @antena3com‚Äù",N
148732340254949376,#investidurarajoy: Plan de empleo juvenil y reforma de la Formaci√≥n Profesional.,P
757287355556302848,"Dicen q lo bueno dura poco Aveces pienso q es as√≠ y me pone triste,pero recuerdo q mas triste es fijarse en alguien q no se lo merece",N
154988137041506304,#cabalgatasevilla llega a Pza.Magdalena.Espectacular!!!Puedes verlo en @giraldatv y en nuestra web. GRACIAS.Es trending topic #sevillahoy,P
155363570463412224,‚Äú@javiercasqueiro: Aqu√≠ est√° el rosc√≥n http://t.co/jkqaHJiM‚Äù un poco escaso,N
783528310399729665,"Yo al chile me sorprendo jaja en el cole estudiaba la noche antes y me iba super bien, en la U empiezo 15 d√≠as antes y ni bien ni mal",N
165484522543124480,Ahora los cabeza de delegaci√≥n de cada federaci√≥n socialista intervienen en el pleno a puerta cerrada para ... http://t.co/7uSrstw6,NONE
182718646118924289,Buenos d√≠as a todos!,NONE
767877851848802306,"@BroomKurosawa pues descansa t√≠o, si se pone grave la cosa no podr√°s jugar en much√≠simo tiempo ",N
169178157688164352,http://t.co/v0u6wYVO,NONE
158868118222024704,y preguntamos en @13tv_AlDia : ¬øle est√°n convenciendo o le est√°n decepcionando las primeras semanas d la 'Era Rajoy'? ¬øpor qu√©? @DHAM_13tv,NEU
185242161585991680,"Pol√≠ticos (y otros) que para cuestionar y desprestigiar la huelga general a√±aden la palabra ""pol√≠tica"".",N
180642206447702018,Ejemplo de derroche! El Gobierno suprime ahora una empresa publica creada para los Juegos Olimpicos de 1992 y que seguia existiendo,NEU
188707313719320576,"Sarkozy lleva ya tres d√≠a, hoy, Le Pen tambi√©n sacude a Espa√±a. Va a contestarles el gobiernoaa",N
180405655260237824,Qu√© poco dura el buen rollo humano hasta en la casa de los que ganan. Basta una mirada a G√©nova... o a Moncloa,N
151364172108660737,"""Me usan y me tiran a la basura"" http://t.co/jDOwiy1n",N
176632137880047616,"""@BBVA: BBVA Seguros lanza una campa√±a con Casillas e Iniesta de protagonistas: http://t.co/Yc9MZ3O2"" Gracias, @andresiniesta8 e Iker!!!",P
770098781744398338,"Ma√±ana me ver√© las que faltan, pero la mejor de la noche no ha sido Britney vaya  Me ha decepcionado",N
818315127221026820,no xq xq xq xq me duele mucho yo pensaba que ella no era as√≠,N
143458158097076224,"""Los ministros d @marianorajoy : fin de la ineptocracia"" @Semanaldigital @PPopular http://t.co/PrsX6XAN",N
186888979663163392,"En estos 100 d√≠as de gobierno,Rajoy ha demostrado tener un gobierno serio que toma decisiones y asume responsabilidades...",P
803305331585650688,- se llevo los doritos y los frescos - pero no se llevo EL PAN @MarianaCruz04,NONE
146554948899962881,La actual situaci√≥n econ√≥mica hace urgente adoptar medias de control de gasto p√∫blico y de austeridad en la administraci√≥n de #Asturias.,N
174114486641360896,http://t.co/EfjkJmAW @agenda_db,NONE
165765757672767488,"+1 RT @nuriarocagranel: Porqu√© utiliza Chac√≥n ese tono????? A m√≠, la verdad, es que esa forma de hablar me parece bastante artificial",N
768534019927597060,@Angela_M_A_ hombre me dices que se o√≠a mal  yo soy defensora de Amaiah a morir JAJAJ,NEU
769880968807190528,"@ithaisa_sm @SuperScienceMe La verdad es que si, muy bonito  Me alegro que te haya gustado ! Y que hayas aprovechado el paseo virtual jeje",P
162136235547168768,El acceso a la red desde el movil presenta una brecha de genero de mas del 50% q gradualmente se reduce,N
817905673992183809,Lo malo de no saber cocinar es que debes tolerar los suculentos platos preparados por tu hermana o simplemente no comer. #PornFood,N
786048518930636800,y ale le dijo otra vez que estaban ocupados pero m√°s calmada y reci√©n lo capto y se fue. Al final nadie se sent√≥ en esos sitios,NONE
151690662457262080,Angel Leon. Arroz con plancton. Hidromiel. Puerto de Santa Maria. No he comido nada igual #sibarisforever http://t.co/dMWcBNmQ,P
803109708378738688,Preferir√≠a discutir con un umpalumpa que con un (a) cristiano (a) conservador (a) de derecha.,N
185086757589630977,"Por la cuenta que os tiene ‚Äú@LostirantesdePJ: podemos afirmar de modo categ√≥rico y sin rubor alguno, que ma√±ana no vamos a hacer huelga.‚Äù",NEU
184292962769965056,Detenidas 14 personas entre las 76 desalojadas de un edificio en Centro http://t.co/EkPS6NbE v√≠a @elmundoes,N
170629414051266560,Men√©ame (si quieres): El otro √°lbum fotogr√°fico de Manuel Fraga http://t.co/7G6192OK,NONE
156614907511570432,"Aunque con la BB no s√© poner el enlace, recomiendo el art√≠culo d Jos√© Luis Puerta sobre reforma del Estado Bienestar, ayer en El Pa√≠s.",P
791610653056364544,"@MonumentalCR buenos d√≠as, coronado fr√≠o y nublado, dese√°ndoles un feliz d√≠a y que est√° navidad este llena de amor",P
164998640790810624,"‚Äú@pedroapa48: stoy en casa con fiebre, perd√≥n por desatinos.‚ÄùMej√≥rate. Aunque con el fr√≠o que hace mejor calentito en casa. Abrazos",NEU
181810799243837440,¬øQu√© aport√≥ la Constituci√≥n de C√°diz? Hemos hablado con analistas. @TelediarioInter 20:30,NONE
758796085607313408,Es que es tan yo...Siempre estoy as√≠ ,NEU
806687497619206144,¬°Tambi√©n tenemos tradici√≥n #costarricense! Por supuesto! #Cajeta de leche con almendras! La m√°s rica de todas!!‚Ä¶,P
184944602627850241,Pablo Garc√≠a-Rojo: ‚ÄúEurovegas tiene su primera baza en la reforma laboral del PP‚Äù http://t.co/qTz2STQs,N
165768911462211585,Chac√≥n incide en mensajes m√°s de izquierdas tambi√©n en la l√≠nea impositiva. Que paguen ya igual las rentas de ... http://t.co/s16uJZ3F,N
142389933619945473,@PauladeLasHeras No te libraras de ayudar me/nos. Besos y gracias,NEU
804834811538001920,@Huargo1 me regalaron la mediana,NONE
773322002321010688,Es que es muy guapa ,P
172371474307493888,En el blog: Todos juntos contra el paro http://t.co/2bOua0zm,N
796060524702208000,@popstitude nadie quiere escuchar tu (horrible) m√∫sica. Deber√≠as respetar el √°rea com√∫n. (Imbesil) super polite!,N
767731034419003392,"@ToniThrowdown ahora tengo un dilema. Ay√∫dame Toni 

Y en 3DS porque me sali√≥ a 25 euros nuevo https://t.co/2bSRMWnrZ5",NONE
183988255857983490,Moncloa apuesta por 57 esca√±os y ya deben tener primeras papeletas escrutadas. Pero no noto euforia.,NEU
142737411007459328,@SSantiagosegura @angyfdz @flofdez BORRADO EST√Å AMIGUETES!! UN ABRUZO!!;),P
145626918073536512,Apaga y v√°monos! Qu√© mala pata,N
157012566990794752,"#Chac√≥nenLaSER: ""No hacerle da√±o a mi partido es lo que me ha llevado a Reaccionar""",P
176387787564646400,Vivir de lo que nadie quiere http://t.co/mrjKfHNI,P
800698075648053248,"Hasta luego, Arequipa See you soon (@ Aeropuerto Internacional Alf√©rez Alfredo Rodr√≠guez Ball√≥n (AQP))",NONE
162123422921527296,"Te gusta? RT: ‚Äú@Belenuca2323: @FedericoQuevedo has cambiado tu foto de perfil, no te reconoc√≠a ja‚Äù",P
801070468677648384,"Mi mam√° me dice que no vaya al col√©, en serio que la amo. Pero tengo que ir",P
180662583525769216,#FF a @DIO2HONDA porque sabe de motos y de la vida. Y porque es un superviviente @SandraMoti,P
174448870342930433,http://t.co/ZRMt3rFk En Madrid 5 √öNICAS semanas!!!;),P
812805061986418688,@elhigadodmarita Feliz Navidad Marita... Un fuerte abrazo,NONE
176046151341047808,@PalomaCervilla @@AmparoRubiales a lo mejor las chorreadas las dicen otros con su falta de respeto a lo que piensan los dem√°s,N
769968331428429824,M√°s de lo mismo...esport3 dando un partido de 2¬™ B entre #rcde y valencia y no se cortan un pelo en decir que el far$a marca en Bilbao ,N
170178772212002817,ya est√° bien de presionar al madrid con la final de la copa. Su afici√≥n ha hablado y lo ha dejado meridiano. #enelbernabeuno. YA EST√Å BIEN,N
813253080586264576,"@15Rossonero pues la verdad la gente dice que ""partidazo"" pero el marcador estuvo influenciado por el √°rbitro y t√°cticamente fue malo",N
157438474067251200,"Para mi, escuchar a Ramoneda me sirve de referencia on #bananity http://t.co/q3a0LQvQ",P
801583873742241792,"Amis @EzioOlivaFans, el S√°b. estar√© en Chimbote x chamba y quiero saber si el chinito bello cantar√° en evento o privado, para ir",NONE
172647460982898688,@periodistas21 corregido. Abrazo.,P
818118063077883904,"@RenEgair peludo, panchoncito y a la antigua",P
148746775262539776,Parece que no gusta lo de una competencia una administraci√≥n. Pues ganaremos en eficiencia. Y hablaremos menos de competencias impropias,N
796289138936844289,"El Turrialba me odia, en definitiva, es el mil√©simo ataque de asma en el semestre",N
170928481608286208,"""Ya se lo que dicen de mi "" pero a mi que me importa ?. Rajoy en plan mon√≥logo con confidencias.",N
168424305259069441,Bienvenido. RT ‚Äú@SERGIO_GABAS: @Enric_Hernandez Nuevo twittero sustituire al que no entiende Catalan‚Äù,NEU
158500369255772161,""" el 25 de Marzo no nos jugamos mucho, nos lo jugamos todo"" @eliasbendodo #elcambioandaluz",NEU
167620068568600576,RT @EPAndalucia: El PP defender√° en el Senado la modificaci√≥n de la Ley de Costas para garantizar los chiringuitos - http://t.co/N2qEgzDI,P
770643261140656132,@plcido_vzquez @cultrun creo que duran m√°s que tantos amores eternos ,NEU
160020604915953664,"Tierno defend√≠a que el progreso se basa en los peque√±os gestos, m√°s que en las grandes obras. http://t.co/YFkZI2dR",P
802227237000978432,En mi pueblo anda una patrulla de @fuerzapublicaCR recolectando alimentos no perecederos. En mi casa ya donamos #CostaRicaUnida,P
143165770904510464,RT @Betolash: A ver Pau ¬øcu√°nto es 4x4? Un jeep todo terreno maestra #MultiplicoComoPaulinaRubio ja ja ja muy bueno!,P
793835901860229122,ma√±ana hay entrega de trabajo final y yo aqu√≠ muy zen desayunando en paz sin tener ni media p√°gina escrita... ni las fuentes,NEU
142579605327450115,se puede entender que la misma solidaridad que pide el PV en sanidad la tenga el PV en cuanto a fiscalidad. La Rioja pierde siempre.,NEU
147726024644362240,*7714 @OscarCruzVM era para ver si estaban pendientes.,NONE
187837951487639553,"Aqu√≠ estamos, disparados, como la prima de riesgo... #AyMadre En un ratito vamos para el plat√≥ de Las Ma√±anas de Cuatro.",P
768555767842635777,"@PanchoGustavo t√≠o peguemos al Lau 
Sigues teniendo mi primer grinder?",NONE
813241004421775361,"√âl pregunt√≥ primero, una solo es educada",NONE
163741784860659712,RT @Erikaguerradiaz: RT @AlejandroSanz Hagamos TT #NoMaltratoInfantil por todos los ni√±os que sufren!!,N
796715656125313024,"@2820gchu maldito ataque de ansiedad tampoco lo soporto, es por eso que los dramas en emisi√≥n me hacen sufrir horrores",N
816349095161954304,"@BleuatreMil se muestran solitos, no est√° dif√≠cil la cosa felizmente",P
156448582608760832,Patxi L√≥pez reclama acercamiento de presos. @TelediarioInter 20:30,N
162266591113916416,Ma√±ana hace un a√±o que empez√≥ todo. Bendito a√±o. :),P
188327356367241218,"Un F-18 estadounidense se estrella en una zona residencial en Virginia Beach, en el estado de Virginia (EE.UU.)",N
146844241614741505,De verdad es posible q Urdangarin montase todo este l√≠o? Es tan tosco y escandaloso q prefiero pensar q le enga√±o su asesor fiscal.,N
771072149742387202,@quinno_ Baj√≥n + Ed Sheeran llorera asegurada. Me pasa ,N
802352213330784256,9 horas de que se fue del pais y ya la extra√±o,N
802731601276780544,"Mi novio me quiere llevar a una fiesta y yo no quiero, el si es muy dependiente de mi a todos lados quiere ir conmigo #vesolosi",N
167213995885985792,El Supremo cita a declarar el 21 y 22 de febrero al primo pol√≠tico de Blanco y al empresario Dorribo http://t.co/GCntLPLk,NONE
177294847898693633,Hoy damos una buena noticia ... V√≠a @unicef_es .... No es habitual pero a veces ocurre...a las 9 en #losdesayunosdetve .....,P
181380575091900416,Soy liberal. Constituci√≥n de 1812. http://t.co/OpgpNc9X @LARAZON_es #1812,P
156324375342223360,"jol√≠n, ya me queda menos... El deterioro cognitivo puede comenzar a partir de los 45 a√±os http://t.co/qJrgm1wy",N
779475155022123008,@Varce_c que triste es la realidad,N
171388406222422016,"Eso siempre vale la pena. Grandes. RT @Lou_Palacios: @AlejandroSanz  Si un besazo para ti too,valio la pena ... http://t.co/GRar3mzt",P
812527126175973377,"No tener sue√±o e ir a molestar a mis hermanas a su cuarto. Hoy nos quedamos hablando hasta el amanecer, ya la vi",N
179532669770665984,"Soraya Rodriguez  Psoe ""estaremos hombro con hombro con el Gobierno en la tarea de decirle a Bruselas as√≠ no podemos""",P
156421092049829888,"3.500 anuncios, 7.000 defraudadores, cm m√≠nimo. Es l pol√≠tica d vivienda d l Generalitat y el control dl fraude dl Gob? http://t.co/BDPapwv2",N
143631452465143808,http://t.co/ewFMZ5fc Una lectura de lo que ha ocurrido este fin d semana en #Rusia con #Putin y su partido en @LARAZON_es,NONE
164458127750742017,¬°Lo mejor de mi timeline est√° disponible! http://t.co/0l0HzKDb ‚ñ∏ Historias del d√≠a por @soydelia @mario_bilbao @charodona @vacp5 @gancedo,P
796318260820111360,"Lo m√°s preocupante es que #Trump no cree en el Cambio clim√°tico, el l√≠der del mundo libre. La batalla est√° perdida ahora",N
165879687493586944,...cuando hablo d listas p√∫blicas me refiero a listas q pudiera pedir al juez una mujer q estuviera siendo maltratada Su pareja ya maltrat√≥?,N
184016674633162752,"Viendo y escuchando a Cospedal, se dir√≠a que Cospedal est√° realmente contenta por el resultado de Arenas en Andaluc√≠a. (¬øNo?) #25M",P
771018510378082304,"@fredo_gf Hola, lamentamos leer esto  Por favor, danos todos los detalles en cliente@hyundai.es y te atenderemos lo antes posible. Salu2",N
150561985220710400,Antes de hacer #Twitteroff os deseo que pas√©is una Feliz Nochebuena y una estupenda Navidad. Que se√°is felices... Y com√°is perdices :-),P
809795932023910404,@roxy_peru @AlejandroSanz @Ritmo_Romantica que buena noticia Roxi,P
145920542459969536,‚Äú@_princess25: @ristomejide eres un poco catalan cabron no??? Pero si sois unos ratas que no soltais un euro ¬°racanos!‚Äù #LosMerengesEscozios,N
176740275018932224,El secreto para que una dieta funcione es decir la verdad http://t.co/KYbcujuT via @elmundoes #chatidieta @mariarojo82,P
818248298049966080,"@an_luc ya s√©. y con lo m√≠o es especialmente dif√≠cil. bro, esto no es exclusivamente sobre la plata u know this",N
170530900646436866,La naturaleza no hace distingos por el color de la sangre: Miembro de la familia real holandesa enterrado por un alud http://t.co/s73Y3bBX,N
767848662747770880,"@WaterLiliesMon_ no las des, en serio. ",NONE
166207598046097410,"Importante lo que dice de la Infanta. Un magistrado del TS: 'Si hay que meter a Urdangarin en prisi√≥n, se le mete' http://t.co/GtRrUbcP",NONE
144016948617949185,"Gallardon habla amigablemente con Zapatero, Guerra con Alonso, Pepi√±o recibe el cari√±o de periodistas amigos",P
179392558579982337,He encontrado estas grandes obras de arte... http://t.co/Vk4tuqGf,P
182181607376035840,Alemania pondr√° a trabajar a los prejubilados. ¬øOs imaginais algo as√≠ en Espa√±a? @TelediarioInter 20:30,N
796869639691190272,"No estaba muerte, andaba de parranda! Jejeje",P
814995688723456001,@JuanamartinezH Seguirme es lo √∫nico que tienes que hacer.,NONE
178510338470326273,"Google explica su pol√≠tica de contenidos, pero no la insuficiente defensa de sus usuarios y la ventaja de la acusaci√≥n http://t.co/QE1kxd7D",N
163592027693518849,@sevillajordi de acuerdo.Indignante!!,N
150287550060302336,Te echaremos mucho de menos @sanchez_sonia . Has sido un ejemplo en @informativost5 Chica@s d @La_SER tratadla como se merece! Suerte!!!,P
780255431130308609,Buena pela #LaPeorDeMisBodas @maricarmenmarin @gabrielsotoMEX @rickytosso @adolfoaguilarv @DarleneRosas @EmanuelSoriano buen elenco,P
804139696595107840,Pues que dicen que hubo #temblorcr y yo ni me di cuenta porque pasamos ensayando t√≠pico.,NONE
149562758604660736,Suscribo @MarAbad: @rafatamames Para m√≠ no es negativo ser tertuliano. Era una observaci√≥n. Y hay dos. De Guindos tambi√©n hablaba en rne :),P
154717637895655426,Urdangarin pag√≥ a la pareja rumana q atend√≠a el palacete de Pedralbes con dinero p√∫blico desviado a Aizoon. Aprovechategui sin l√≠mite,N
176578733736599553,"RT: ""@iescolar: En el blog, sobre el ""terrateniente"" de los 15 Bernab√©us: Manipulaciones por hect√°reas http://t.co/LTEoDJcP‚Äù",N
812448341468545026,Ma√±ana que entonces? -Yo buscando donde pasar navidad por que me dejaron solo,NONE
161749311544233984,"Hoy en MadridFusi√≥n presentando ""Salamanca para Com√©rsela"" junto a 17 restaurantes y 14 marcas que promocionar√°n Salamanca como destino.",P
180227748017610752,"Y si directores generales d la Administraci√≥n central dejaran de tener coche oficial?, por ejemplo...",N
814245984821776388,"@PierinaMz Los m√°s buenazos, son los medio gruesitos y cortados de forma vertical. Seg√∫n yo.",P
148732829478559746,Control previo en la contrataci√≥n de las Administraciones: no habr√° concurso sin presupuesto.,NONE
177660105821663232,hahahahahahahahah ‚Äú@Alejandro_vara: Leo que RTVE se niega a ser auditada por el Gobierno PP. Imagino que esto no puede ser cierto.‚Äù,NEU
175102762860814336,"Buenos d√≠as. Hoy, Desayunos de TVE a las 9 con @anapastor_tve, @anabeldn y @radiocable. Estar√° el ministro Garc√≠a Margallo.",NONE
187980622373994497,"De Guindos en TD1...no s√© si lo que ha dicho generar√° mucha confianza...Si lo que necesitamos es crecer, estos presupuestos no lo permiten.",N
153266635057266688,"Gracias a twitter he conocido a gente maravillosa que de otra forma habr√≠a sido imposible. S√≠, va por ti. #twitterfriends",P
770599961511596034,tio pero cuando dawn dispara a beth y daryl la dispara a ella inmediatamente y se pone a llorar ,N
176590417880559616,"Ahora que llevo 3 horas despierto, mis buenos d√≠as son mitad deseo, mitad descripci√≥n.",N
145610061820076032,"Que nadie se enfade, pero esta noche tambi√©n ponen en la tele ""El perro del hortelano"", la √∫ltima y estupenda pel√≠cula de Pilar Mir√≥.",P
158499054651838464,¬°Noticias descombacantes! est√° disponible! http://t.co/pdWFYyRa ? Historias del d√≠a por @belategui @vertele,P
818210083486187521,Fragmento del regalo de navidad de mi Mami ELLA SI SABE. Como escribir libros sin escribir ninguno by OSHO,P
148760238533783552,Organizaciones agrarias aplauden recuperar el M. de Agricultura para dar mayor atenci√≥n al sector  http://t.co/jOHrHVtG v√≠a @europapress_es,P
765403081878204416,"Sean las cuentas de Mc reales o no, no lo veo bien si quieren una cuenta consigan el dinero y c√≥mprenla con su esfuerzo, no por rts",N
761372585900638208,"@Danileivacr buen√≠simo!! Yo ma√±ana voy a clase de 6 de la tarde que es yoga Dance, es como yoga pero aer√≥bico",P
182806499280695297,Esta ma√±ana me he acercado al IES Batalla de Clavijo para participar en marat√≥n po√©tico http://t.co/nY8A2go8,NONE
143414408675196929,"Fant√°sticas, a cual mejor ‚Äú@MarisolCovelo. qu√© os parece mi foto de #elprimernaufragio ?http://t.co/ZjCzROgC http://t.co/CH3jjGX1‚Äù",P
157167052338110464,Se han ampliado 100.000 millones para avales a la banca. La banca siempre gana y altos directivos m√°s.,N
181325267078356992,.@eliasbendodo Esta imagen es nuestro s√≠mbolo 1+9 = 10 // 2+8=10 #elcambioandaluz http://t.co/ZSTj1kmH,NONE
804505028673282048,"A√∫n no puedo salir de la U porque la tarifa de Uber est√° alta, me escupo",N
800869473246793728,desde hoy en la pura ma√±anita no veo a mi pap√°,N
142700988762038272,@GFVara la ley del embudo...caracter√≠stica de la derecha espa√±ola. Animo,N
148685081358241793,la mesa vuelve a rechazar la petici√≥n de amaiur. Se hubiera entendido lo contrario? pura coherencia,NEU
154304808776511488,me encanta esta gente pero no quieren irse (@SSantiagosegura live on http://t.co/glTinJeH),NEU
165682839449382912,Y no olvideis que esta noche estare en sala tropicana en valencia!!!!,NONE
166205598701064193,As√≠ afecta el recortazo de Guindos a los banqueros http://t.co/1YUeP8jM,N
778399123007569920,"@GrupoPandora y son 30...30 a√±os de acompa√±arnos,30 es mi edad y he crecido de la mano con ustedes MIL GRACIAS, atte: Ale",P
181735118090682368,"Art 12 de a Pepa:""La religion de la Nacion espa√±ola es y ser√° perpetuamente la Cat√≥lica,Apost√≥lica,Romana,√∫nica verdadera""....",NONE
189340461998149634,"Por cierto, ayer estuve con @gesioh y ya est√° ultimando los detalles de mi nuevo avatar.. Muy jefe. Os gustar√°!",P
187838875731902464,El d√≠a de la marmota http://t.co/kBWiTQaa ... o c√≥mo a veces los periodistas contamos las mismas cosas a√±o tras a√±o.,N
173738432286294018,"Grego, quise decir...;))",NONE
769844000736018432,Parafraseando a Salom√≥ Es mejor perder a tu hijo a que lo partan por la mitad ,NEU
787858728607322112,"Digamos, muy bonito todo, un d√≠a super chuzo, todo divino pero mi crush no me dijo feliz cumple",N
150821976481607681,@Cepeda feliz Navidad,P
143314613625290752,Reci√©n llegada a Madrid!!por fin en casitaaa pero que fr√≠o!!No me quiero ni imaginar como har√° en la sierra y mas cuando sea de noche....,NEU
162526235837210624,‚Äú@vicdelcas: gracias a @rafam_simancas por descubrir en #docebalasdeca√±on un episodio tan lamentable de la guerra de Africa.gran libro!!!‚Äù,P
171149018683031552,Sobre la tragedia del metro de Valencia... http://t.co/da5YCKk6,N
799439171907678208,"@lghostfive ¬øest√°s bien o est√°s ah√≠ por alguien m√°s? lo que sea que fuese, espero de todo coraz√≥n que no sea nada grave del todo",P
151712196295000065,";-)))) M√°laga, lugar preferido por los brit√°nicos para pasar sus vacaciones de verano http://t.co/ce5tc4Ei via @elmundoes",P
177746625341566976,"Para todas las mujeres en su dia, una hermosa postal de las playas de Lisboa. Felicidades!! http://t.co/NyCT0Ubz",P
157172686387290114,La Junta de Andaluc√≠a sigue echando mano de la chequera para amigos. Se lo contamos en nuestro top secret. @TelediarioInter 20:30,N
168112737354915840,Gracias a @PastoraSoler es un lujo compartir escenario contigo! #Banderablanca,P
171905734353747968,". @esperanzaona lleva ella personalmente su presencia en las redes sociales : directa, cercana y espont√°nea http://t.co/KRlhrYD9",P
770996737121087492,@oh_gabi genial! Ahora ya mucho mejor que con las tres primeras a√∫n as√≠ todav√≠a hay cosas que pulir ,P
148408281562497025,"""El paciente implicado, por Ana PASTOR"" LARAZON.ES en http://t.co/0mzuUoAC",NONE
819411931547181056,@SamanthaRojas reci√©n puede ver el √∫ltimo video que subiste. Gracias por dejarnos saber un poco m√°s de ti,P
149055766781894656,"Agotado tras leer el peloteo a Rajoy en el kiosco.Es como Roosevelt dicen unos, palabra de Rajoy resaltan otros, sus 10 mandamientos...",N
178474002208129024,"Los chinos, q son capaces d copiarlo todo, ahora van a x nuestro jam√≥n. Dicen que ni se le parece, pero lo venden ¬°a 1.700 euros!",N
157884463836180481,Ahora comienza #elcambioandaluz de los j√≥venes #conectaconelcambio ;-)) @nnggandalucia ;-)) http://t.co/C1tJ6B30,P
183179522223505409,Manipula el t√©rmino transparencia para el ajuste y el castigo a la inversi√≥n y los servicios p√∫blicos. El gobierno interviene la pol√≠tica.,N
808659982736564224,"A pesar de nuestras limitaciones humanas, el Se√±or quiere obrar de maneras asombrosas a trav√©s de nuestras oraciones..",NEU
179513275359309824,Comenzamos el encuentro con aut√≥nomos de #Malaga #elcambioandaluz http://t.co/6SUdaCXq,NONE
142936416949780481,Esto es apoyar de verdad: La @DiputacionMLG  reducir√° impuestos a 96 pueblos http://t.co/VIGtaT1k,P
153101202983370752,Salud ya paz para vosotros en 2012 http://t.co/umBZcCuV,P
184961962470416385,"F√°tima B√°√±ez: ""Las pymes han hecho 10.000 nuevos contratos fijos en mes y medio"". @GPPopular @ppcv @que_hacen",P
178054642087899137,"Dicen que les ""faltamos al respeto"" ¬øQu√© os parece? Los abertzales contra EL MUNDO  v√É¬≠a @elmundo_orbyt http://t.co/KSd0AwHf",N
189733506841182208,.@diegocruz_: ‚ÄúEl Ayuntamiento va con retraso en la simplificaci√≥n de licencias‚Äù. Esta es la realidad. http://t.co/G6M0IkWp,N
817526226474639364,La primera melancol√≠a del a√±o Ojal√° la oportunidad regrese y el talento est√© ah√≠ siempre u.u,NONE
811659807925141504,Rt por mi mama q me manda a comprar leche la muy desgraciada jajaj y estoy en √©l cuarto piso #VideoMTV2016 Abraham Mateo,N
153076022600929280,Un cuento de Nochevieja http://t.co/LgS62gdE,NONE
181399183880749056,@javierarenas_pp #PROPONE: Austeridad en la Junta de Andaluc√≠a con la supresi√≥n del 50% de altos cargos de la admon. y del sector p√∫blico,N
770050213847367680,@aIfonsofr no lo consigo  ayudame porfi que es super importante,N
185358125635878912,"La huelga a la japonesa del Congreso de los Diputados no ha sido tanta. El Pleno termina a la hora de comer, como algunas veces",N
160259017304846336,"Fijaos en la foto del angelito, conocido como Kim Schmitz, que se forraba con las descargas ilegales de Magaupload. http://t.co/MeONc3A7",N
159612081409245184,Montoro quiere q los malos gestores p√∫blicos vayan a la c√°rcel ¬øQ delito se les imputar√°? ¬øMalversaci√≥n? ¬øFalsedad? ¬øO ser√°n s√≥lo palabras?,P
166490333310488576,"Ciu-PP: peleas de Valderrama y Dolores Abril:  Irene Rigau: ""Si Espa√±a hace educaci√≥n constitucional, Catalunya har√° educaci√≥n estatutaria""",N
817936463371390977,"Estoy en @McDonalds_PER del parque kennedy y me he dado con la triste sorpresa que ya no dan el aj√≠ incre√≠ble ya nada es igual, nada",N
771015122122858496,"@batyol @valenciaplaza Gracias por seguirme. Todas las semanas escribo en @culturplaza, cada m√≠ercoles para m√°s se√±as. ",P
149549239465295873,"Salvo que en la pr√≥xima media hora cambie, Rajoy ha conseguido lo que nunca lograron Aznar ni Zapatero: que no se filtre su Gobierno",P
770739469502865408,"@alejandrosanmo @luisalisferrer Hay una historia escrita donde salen las mujeres, pero no es tan popular ni se estudia en las escuelas ",N
165859379961274369,"Les comparto ,http://t.co/FFGIreD4",NONE
152888585668927488,"Estoy con mi Geranium ‚Äú@sadat_upyd2011: @pedroj_ramirez Es de tus ""gins"" favoritos?Hoy seria buena noche para uno... http://t.co/OGdizf5B‚Äù",P
770035400220012544,@rabiekhd jajajajajaja me meo que yo tengo mi novio y √©l tiene su novia y estamos los dos contentos ,P
157120529629839362,Viendo otra movida:-),NEU
157394028885839872,"A las 13.30 estar√© en la tertulia pol√≠tica d @mananascuatro con @mrtfernandez , colaboradores y equipazo.. ay las #CCAA!!",NONE
171205846792015872,"Rajoy resume su reto con una frase certera: ""Aqu√≠ no se puede gobernar pensando en la pr√≥xima media hora. Hay que preparar el futuro"".",P
179495936433725440,Hasta luego!!! Abrazoooooo!,P
150985622566354944,http://t.co/xbwQuVCK Todo esta en los peque√±os detalles y nuevas experiencias./ Its all (cont) http://t.co/QurPvNtL,P
769965167190937600,mi vida es una mierda primero me enamoro de un macedonio en ibiza y ahora del timbales de la panorama ,N
798320488619577344,Que buena vibra me transmite @Cocofunka,P
156885601751285761,‚Äú@Davirra: Con el culpable!! Gracias por esta gran noche y por esta gran pel√≠cula. #9enfilmaffinity :D http://t.co/LKWldYZj‚Äù gracias a ti.,P
176564948137291776,Portada La Gaceta http://t.co/Cjr7Ilmm ...,NONE
776589176934281216,"Mis tenis fueron las primeras en ser compradas y no han llegado todo el mundo con tenis nuevas y yo aqu√≠, zad.",N
158577119688011776,"Merkel persiste en el error. Lo explica @josecdiez en su an√°lisis ""El euro en la encrucijada"". http://t.co/1E8clG0o",N
170781085981097984,"A pesar de que dec√≠an ""no poder hacerlo""@elconfidencial:La banca tira de empleados y agentes externos para vender pisos http://t.co/5tv9SYcr",N
149605567181225985,Son bonos emitidos centralizadamente x el Tesoro europeo con el respaldo conjunto d todos los paises RT @Valentin_CV: @equilibrio_y_yo,P
169823948417142784,@JuanraLucas Malvado!,N
171295377457283072,(2)Si Rajoy le hubiera dado a Arenas poder en el partido ¬øQu√© pasar√≠a si gana en Andaluc√≠a? Ser√≠a una alternativa.,NEU
154290062098575360,Hoy en Toma Posesi√≥n Director de la Policia de nuestro amigo Ignacio Cosido.Con el Ministro de Interior JorgeFernandez http://t.co/KiLzo5aF,NONE
184174152075329538,"Gracias :) RT @chtgarrote: Muchas felicidades por el especial de ayer, la m√°s amplia, plural y completa cobertura informativa del #25M",P
180377653835075584,"Un honor haber estado con ""the Boss"" http://t.co/VpFIbdHm",P
186013650635587585,"Aunque sea tarde, mi reconocimiento a la gran profesionalidad del siempre 7 de Espa√±a, Ra√∫l; un caballero. Que manera d acabar el partido...",P
148564633911963650,Muy buenas noches followercetes...Seguiremos tuiteando con garbo la semana que viene http://t.co/13XDNhyk,P
801535220642172937,hey no manda huevo con Otto este fin mis 6 sobrinos ten√≠an partido y ya no estaba emocionada y eso que no me gusta el f√∫tbol.,N
182011884910817281,B. D√≠as. Un ex militar neonazi posible autor de los asesinatos de Toulouse.,N
151817710274228226,Muchas felicidades a @pabloalboran !,P
812456342975905792,No s√© si soy exagerada.. no es el fin del mundo pero yo necesito un trago para pasar todo esto. Necesito estar tranquila,NEU
157047283932864512,El Gobierno no ampliar√° el plazo para que sindicatos y empresarios lleguen a un acuerdo,N
154125803758682112,"Y hoy, primera concentraci√≥n del a√±o de las v√≠ctimas del metro de Valencia http://t.co/gVcXgkHY",N
803101972517638144,"@croq29 @ChisteTipico me ha pasado... Lo peor es cuando sin decirle nada a uno, lo agregan de nuevo jajajaja",N
769618607177433088,"Al final la triatl√≥n ha salido pero por pura tozudez ... 7:07 de esfuerzos, mi estado es de reventado para arriba ",NEU
163631351508115457,"En el PSOE y en 'El Pa√≠s' hay gente muy nerviosa con las primarias. No se explica si no un ataque tan vergonzoso de fuentes ""an√≥nimas"".",N
147071830224674817,No puedo evitarlo. Siempre fui m√°s de Scott. Buenas noches.  http://t.co/SQBkSkgg,P
152520260824727552,@marodriguezb estoy de acuerdo!!! Muy de acuerdo. A ver si alguno y escucha!!,P
159956931518275586,"Me apetece mucho el viaje de ma√±ana a Marbella y la firma de #ElPrimerNaufragio el s√°bado a las 12 en ECI de M√°laga. Os espero, tuiteros.",P
770944329540075520,"""No tenemos la sensaci√≥n de ir a un trabajo"", din os @PIXIES 
Eu na ofi lendo o @rockdelux, tampouco a te√±o  https://t.co/MEG8DZVVTn",P
793210591770992640,No s√© qu√© onda con spotify que ya llevo escuchando medio disco de serge y no me sale ninguna publicidad. C√≥mo engatuzan a l pobres,NEU
168113267322007552,@CarmendelRiego aaarg!!!! esto no se puede hacer!!!,N
772551954425872384,"@JuditRT home pues todos. L y M me tengo que levantar prontisimo para solo una hora y luego X, J y V tengo muchas horas  y clase todos los",N
156828672165285889,¬øMallorquines del twitter??? Nos vemos con #YesWeSpainIsDiferent el pr√≥ximo 27 y 28 ENERO en el Auditorium.entradas en http://t.co/Q9HzeyLP,NONE
760357231913119744,"Viendo Looking, Queers as Folk y as√≠, me doy cuenta que nunca he tenido un grupo de mejores amigos gays. ¬øalguien me adopta?",P
770468520736030720,Ea ya ma√±ana cuando me despierte empieza la fiesta y ya estare distraido para el largo viaje de Valencia a Cadiz ,P
770403123596853248,"@dime_quefuedeti Tod@s deber√≠amos llevar en nuestro d√≠a a d√≠a, est√° frase, ya q tod@s somos inmigrantes en alg√∫n lugar. ",NEU
148123568935403521,"Primer Premio Fotograf√≠a, en la XII edici√≥n Premios Culturas de Extremadura, para  Minerva Mateos http://t.co/RnzEWlPB",P
146881344406953984,Alfonso Alonso: 'Amaiur no cumple el reglamento para formar grupo propio' | elmundo.es http://t.co/eqFpFPmm,N
152377939718184962,"aj√°! ‚Äú@JulenAriza: mal s√≠ntoma, especialmente para Newt Gingrich, que no ha podido conseguir 10.000 firmas en el mismo estado donde vive.‚Äù",N
161166421374664705,"Por cierto, el Banco de Espa√±a dar√° a conocer ma√±ana su previsi√≥n de crecimiento para este a√±o ¬øSe aproximar√° a la del FMI?",P
151328861441896448,"La merienda ser√° ""simb√≥lica"", o sea nada de atracones, pero nos veremos las caras y echaremos unas risas (espero)",P
770667983236636672,"@mtscano veo ahora mismo m√°s f√°cil el s√≠ del PNV ma√±ana, ha dejado clarito lo que piensa del di√°logo aqu√≠ ",NEU
148130777345949697,"@RV1805 @RdscubreNavidad Es una pasion navide√±a! Y dentro de una semana os ense√±are el mio, con figuras de 21 cm. Besos",P
809229647930150915,".@mczorro es eso: para no pagar precios AB y luego quejarme de la mala proyecci√≥n (de bodrios), siempre me queda elegir otras pantallas",N
149583722734292992,Una an√©cdota del nuevo ministro de Exteriores: cuando enfad√≥ a El Alcazar desde el despacho de Pilar Primo de Rivera http://t.co/v2t8g2ol,N
159515529697181697,"Excandidato republicano, Huntsman, abandona x la forma t√≥xica del discurso pol√≠tico basada en la divisi√≥n y ataques personales y negativos.",N
147435782020407296,@Juandecolmenero No lo he visto. A ellos les parece ambiguo y dicen q no lleva membrete oficial.,N
768046065333534720,"Preparando la maleta, proxima parada #huelva #fiestasconamigas  üíÉüèªüëØüöÜ",NONE
151362155013349377,"Un juez denuncia ""hacinamiento"" en un centro para 'sin papeles' http://t.co/Cr93fhcV",N
768160329486495744,Hoy tengo 2 preguntas existenciales...1) ¬øPor qu√© hoy esta haciendo TANTO fr√≠o? y 2) ¬øPorque me volvi√≥ a dar hipo despu√©s de tantos a√±os?,NONE
167945950084608002,"El convenio entre Ayto y Com. de Madrid para rehabilitar colegios no se ha renovado. En los √∫ltimos 2 a√±os, solo se han hecho obras menores",N
768520829688770560,@Boardgametotal los √°bacos si est√°n permitidos. Sobre todo porque la mayor√≠a no saben usarlo ,N
780395294538145793,Buenos d√≠as!!!! mi pensamiento esta ma√±ana al despertar es que si o si tengo que ir a dar un paseo al parque y disfrutar de la naturaleza,NONE
147815039007604736,Vamos igual q el hizo con la crisis del Tequila . Era Zedillo quien mandaba. La situaci√≥n es similar para Rajoy ahora. @hermanntertsch,N
770379528401190912,Lo borro y lo rehago ,N
817578798745001985,"@Nat_R25 jaja yo se, estoy jodiendo. Pero si es impresionante lo rapido que se va la vara. Ya lo veras",NEU
170116748161454080,El ferry accidentado en Formentera no encall√≥. Aterriz√≥: http://t.co/2IdLPQEb,N
170870750218166272,"Qu√© oido!! RT @Butterworth_: @mrtfernandez Pregunta tonta: En ""Intacto"" de Fresnadillo ¬øera tu voz la que sonaba de fondo en un informativo?",P
165470574733299712,"Zapatero dice q ""le han dado hasta en la ceja"",Chac√≥n que se siente como Messi esquivando patadas de Pepe.En el 38 Congreso espadas afiladas",N
769615573164683264,@SumiEsB Yo tambi√©n vi la peli y llor√© lo que no est√° escrito  Ahora estoy leyendo el libro y me estoy echando unas risas impresionantes!,NEU
810295853625778176,"@DiceDiego1 @LopRock Ohhh √±o √±o √±o ... Es el costo de trabajar estable. Pre quema? Jajajaja yara, me apunto para la quema m√°s seguro",NEU
181016898018869249,Esta ma√±ana con @eliasbendodo @juanma_moreno @esperanzaona @pacodelatorrep en el acto de igualdad http://t.co/70HZ82Ys,P
169333014361411584,"RT @blogsdepolitica: Espa√±a podr√≠a pagar multas por el alto paro, con la nueva normativa europea, con porcentajes sobre el PIB hasta el 1%",N
165766516283949058,RT: ‚Äú@sorayaheras: #38CongresoPSOE madre m√≠a! esta mujer (chac√≥n) se ha zampado un corral entero lleno de gallos!‚Äù,N
148803618684944384,"onc√≥logos espa√±oles denuncian ""dificultades"" en el uso de nuevas terapias contra el c√°ncer. hablan de obst√°culos administrativos. tremendo",N
809807203288940548,"Al fin se inaugur√≥ el nuevo estacionamiento del parque Kennedy! Y ser√° gratis hasta fin de a√±o, habr√° que ir a probarlo con la bici",P
187471923633074176,"El blogger de Periodista Digital me pide disculpas por el lamentable episodio de la huelga general y mi foto ""familiar"" http://t.co/pFA1qQJz",N
770214477363023872,@Yore89 necesito mi raci√≥n de atenci√≥n diaria que si no no mantengo la autoestima ,N
174900412737007616,Estoy en #Churriana y me preguntan por la #chatidieta @mariarojo82 ;-))) le di una tarjeta tuya a Mercedes q te va a llamar ;-)),P
169342970552778752,"Buenos d√≠as, gente. Feliz d√≠a de los @rutipiluti y yo.",P
173990667062755328,RT @RuthMendezT5: #Oscar2012 #Oscars Tom Cruise entrega el √≥scar a mejor pel√≠cula: The Artist !! Hanavizius le plagia el discurso a Trueba,NEU
167163558856114176,Rubalcaba toma notas a mano mientras Rajoy interviene en la tribuna. En 10 mins. se estrenar√° como l√≠der del PSOE en un debate parlamentario,P
176280091586863104,"No podemos dejarnos seducir por los que, con el pretexto del cambio, pretenden arruinar el camino que ya hemos andado.",N
172268705361825792,Pu√±o de hierro de los decretazos  con los ciudadanos y el guante de seda del c√≥digo de buenas pr√°cticas para los bancos: Dice Coscubiela.,N
770015843887489024,"Final copa libertadores en BAL! la √∫ltima final de Bradinho... 
https://t.co/RZnUVPNa5D",NONE
794931782923730945,Hoy es el concierto de Metallicaaaa!!! Uuuuhhh... l√°stima que no voy la wea triste,NONE
182943179266473984,Gracias a ti por regalarnos algo tan precioso ;-)) RT @jonatansantos: @mariviromero Gracias guapa!,P
801607174636077056,"@Brenes0791 Yo estoy super ansiosa, el asueto me da la tranquilidad de estar con mis pap√°s, nada m√°s",N
814319369455095808,"Ya pas√≥ una semana de estar en Caman√° y parece que hubiera llegado ayer reci√©n, que r√°pido se pasa todo",NONE
161100246825439232,"#ConsejosNYC Lo √∫nico bueno de ir a ver ""The Book of Mormon"" fue descubrir un nuevo Lillie's en la 49: http://t.co/l81J5Rq8",NEU
770783076305821696,"@SomeJaneDoe_ nazismo y fangirleo como t√∫ filosof√≠a de vida, doble moral  juju",N
815330846207053825,Como chiquito con juguete nuevo,P
185123106917056512,"A 6 minutos de comenzar la huelga general, ya oigo los bocinazos ...lo primero : que no despierten a mi hijo por favor ...dormiremos?",N
154989229045321728,Riolobos cree que Barreda deberia estar entre rejas por su gestion en CastillaLa Mancha http://t.co/dyQcynFW v√≠a @eldigitalcastillalamancha,N
174731202975105024,"Eur√≠bor cerrar√° febrero x debajo del 1,7%. Bajan las hipotecas, continuando la tendencia de descenso que empezo en los √∫ltimos meses de 2011",P
157399953596096512,"La solidaridad no es entre los asalariados, es d los que m√°s tienen hacia el resto de la sociedad. La del Rajuste deja fuera a los m√°s ricos",N
147357566878490625,Carta de los corresponsales en Espa√±a a @marianorajoy para reclamar una mejor atenci√≥n a los medios de comunicaci√≥n http://t.co/kd44Ne2q,N
152412731495034883,Para @LorenzodeAra !  ;) ‚Äú@moisestve: Os mando un peque√±o regalo para l@s que se emocionan con la m√∫sica de El Padrino: http://t.co/DCdhaqZt,P
152124937916792833,d√≥nde lo has mandado?‚Äú@pilarmontero6:  y ls mail xk no ls respndes? Cntrata a alguien aunke sea...@guillermovara o ibarra eran + accesibles‚Äù,N
809286148916920320,"@Ka_Arroyo_ jajaja yo nunca spoileo, eso lo odio pero le recomiendo no meterse a Tw ma√±ana",P
808122399250059265,"@magdyelugaz q lindo verte llevando la alegria a las familias y ni√±os en esas fiestas, espero que la pases lindo amiga Te deseo lo mejor",P
167413215725236226,"‚Äú@RosEnrique: @PaulaVazquezTV leer?????? Esta sobrevalorado, besos desde Malaga‚Äù eso es que lo has practicado poco!",NEU
792459312232734721,"@DuardoQO jajajaja, es invitaci√≥n abierta, el √∫nico requisito es ser del TEC y ser tuitero.",P
769863855451344896,"@_aitor la verdad es que tiene buena pinta. Investigar√©, gracias ",P
189468974545780736,@marodriguezb me hago la misma pregunta de floriano...,NONE
158584463595536385,En la reuni√≥n del Consejo de Pol√≠tica Fiscal y Financiera del martes se establecer√° el control previo de la deuda y el d√©ficit de las CCAA,P
182529499668287490,Y el que no tenga planes #AGaliciaEnSemanaSanta... porque es una maravilla y se come de lujo,P
181838433285713921,Infantil Vs Infantilismo; ojal√° el mundo recuperara m√°s de vez en cuando la mirada y el coraz√≥n de un ni√±o.,NEU
160431536083189760,Boda en Yucatan? Suena de maravilla. Felicidades.. Por todo. RT @Sanz_Yucatan: Oye @AlejandroSanz (cont) http://t.co/yyOsa4Wq,P
169444837215567872,"Tanto miente el que edulcora o niega la crisis, como el que cabalga en el catastrofismo para amenazar miedo.",N
146894681857462272,David P√©rez ser√° el nuevo presidente de la Federaci√≥n Madrile√±a de Municipios.,P
149138500455890944,"@Fgarea tiene sentido, anda que no tiene curro x delante",NONE
167573062101897217,Gobierno 2.0 http://t.co/U2kHD41U,NONE
806516119058186240,Que duro iniciar el d√≠a con noticias tristes,N
174079526169612289,Vamos a hacer todo lo posible para evitar que la contrarreforma del PP contra los derechos de la mujer salga adelante,N
159780630480158720,"Gran partido, grande hermanoooo!!!!! http://t.co/0eY5v8Di",P
154508784532856832,La subida del IRPF de Rajoy vulnera la doctrina del Constitucional http://t.co/g6sdBhCW via @el_pais,N
175730752061845504,Ayudas bajo sospecha  http://t.co/yhKpeb87 v√≠a @addthis,N
816409076473139201,@jbendezu Hola Javier. Te escribimos la vez pasada indicando que ser√° en la conferencia anual de Los Productores.,NONE
183243277233954818,"La campa√±a de @javierarenas_pp : 6.150 kil√≥metros, 319 propuestas y 48 entrevistas. http://t.co/kZmvjswb v√≠a @diario_sur",NONE
172730478959411200,que tambi√©n ha llegado a Twitter @MarTorresCasado ;-))) gran compa√±era y amiga,P
770161397665767424,"@Ronronia @MsLectora Uf, los freudianos! Vinieron a tomar caf√© el mi√©rcoles y aqu√≠ los tengo a√∫n,  acampados en el pasillo  Bon dia ",NEU
167606608862523392,Lo tengo vigilado d√≠a y noche.,NONE
146846756720750592,Portada El Mundo http://t.co/qX41OS9W ...,NONE
808688118304034817,"Me contaron una historia rara de el significado del uso de anillos de oro, plata, en que dedo y todo... pero lo he olvidado",NONE
142610350083276800,La gran noche de los abanderados 2.0 - La Opini√≥n de M√°laga http://t.co/yYu7uXtH,NONE
178757274192445441,Buenos d√≠as desde Mallorca!vuelta a casa! http://t.co/by96CrqJ,P
165833529165496320,22 de diferencia a favor de Rubalcaba,P
800541436819148800,@funfillegamer Soy muy malo funfi me da pena y todo,N
161883918415564800,"Rajoy: ""ya sabemos que las cosas est√°n mal"". No aclara si a√∫n cree que puede cumplir el 4,4% este a√±o.",N
188958658082775041,Ahora si la gente se lo paso de arte y yo igual!!! La gente de antequera increible lo unico la falta de respeto por parte de la sala,N
818210561339039744,Lilo y Stich Somos ohana #Ohana #Familia #LiloyStich,NONE
166425236156317696,"Sab√≠amos que borboneando contra Su√°rez, el rey agit√≥ las aguas golpistas el 23F. No se conoc√≠an sus simpat√≠as, ni su presi√≥n a los jueces",N
154492428655661056,El Ayuntamiento abre el centro ciudadano de Haza Carpintero #CiudadJardin http://t.co/UHHGfBng v√≠a @opiniondemalaga,P
162149810697277442,Ya tengo los nuevos botines @PUMAFootball. Est√°n muy buenos!! En un rato subo foto...,P
175531055296688128,"Este muerto que vos matais goza de buena salud. Pronto le leereis. Damasco inventa que Javier Espinosa, est√° muerto http://t.co/MPAeWXI3",N
147678287051759616,"El Gobierno indulta ""algunas de las penas"" del preso com√∫n m√°s antiguo de Espa√±a http://t.co/6KiDOsMK",N
184315699295027200,...y ma√±ana prometo ser bueno y no reirme... Co√±o!!! qu√© hago entonces con @lamiradacitrica @MoristoMehide1 y @ElExpecial? Dios qu√© sinvivir,NEU
768568061544849408,@adri_buzo @FulgenLison Nop. Pero ahora me queda m√°s claro el asunto  Gracias !,P
154245051168460800,"El art√≠culo de @jesusmarana a los lectores de P√∫blico  http://t.co/DoO7taY8 Servicio, honestidad y coherencia. Fuerza y √°nimo ,  compa√±eros",P
150508166252208128,RT @Charodona: @sevillajordi  injusto q ante la paridad se hable de la mujer no preparada y q al hombre se le suponga siempre preparaci√≥n,N
155371752761999360,Este es mi twit numero 5001! http://t.co/dqMVlCg3,NONE
811644803838607360,Estoy solita en la oficina... pondr√© mis v√≠deos de cosas paranormales sin aud√≠fonos,NONE
185459145045061633,"Ni el voto es un cheque en blanco, ni la mayor√≠a absoluta es inexpugnable. El PP deber√≠a saberlo por experiencia.",N
770707842886164485,@jimena9011 @JM_VelascoG muchas gracias! feliz noche a ambos ,P
796240698702000128,Ahora tengo que dormir llena de repelente,NONE
767752844258652160,"Hoy microaventura en #kayak con dos expertos kayakistas 
R√≠a de Villaviciosa. @ El Puntal‚Ä¶ https://t.co/y7j88bRmYK",P
800804614325043201,Despu√©s de 5 d√≠as! CREO que mi cronograma de viajes por trabajo ya est√° listo,NONE
163576673114132481,"Esta tarde voy a ver a mi ADMIRADA Y QUERIDA Ma Teresa Campos!!;) ""Que tiempo tan feliz"" lallalalallallalraralara....;)))",P
771100028073086976,@WingedArrow_ @redskyF2 si pero es de Mario joder comprate una propia ,N
812166030462160897,Me da tanta playada tener que ponerle el cono de nuevo a whiska,N
787142241571577860,ah ya entiendo por que tanta rabia se entero que su pap√° quiere que trabaje con el jajaja que culpa tengo de ser una buena opci√≥n,NONE
148320706847965184,"Despacio, en paz  http://t.co/AQKTSxq4 via @elmundoes Descansa en paz Cesaria",NONE
809190274727432193,@AlejoIgoa la divaza te tiene cansado toda la noche no te deja dormir,NONE
149457619906592769,A las 19:30 h Mariano Rajoy informar√° de los nombres de sus ministros y ministras.,NONE
179491854390272000,Catalu√±a asegura que da 16.000mill +de lo que recibe  http://t.co/8rPfQRMM pero otros informes dicen q Madrid la dobla http://t.co/BMDWjmfU,P
165765635878551552,"¬øQu√© se le estar√° pasando x la cabeza a esa generaci√≥n entera d espa√±oles arruinados x Chac√≥n, ZP y Rubalcaba? Qu√© pena... #38CongresoPSOE",N
157760866756984832,"El martes, 17 de enero, sale a la calle mi primera novela: La trampa. Espero que os guste. Aqu√≠ ten√©is la portada. http://t.co/WXxdIDaL",P
167286078984822786,@javiersolana me han transmitido tus saludos. Much√≠simas gracias y un fuerte abrazo.,P
174189798964203520,No puedo decir mas. Estoy speechless #vamosamorirtodos lo avis√≥ @Suanzes y hoy lo corroboramos todos. Que desgracia de Salgado y Rubalcaba.,N
770667505425780736,"@johnny21es Bueno, me piro a la piscina , que hace un d√≠a estupendo ",P
182003541349634048,Portada AS http://t.co/KIiip1Q7,NONE
770629639295434752,"@HCFanego @almoregan Gracias, t√∫ tambi√©n  Por cierto, vete rellenando la bodega, que el 17 estoy all√≠",P
162887376987885570,Bravo por Murray. Rompe a Djoko y puede empatar a 5. Aqu√≠ hay partido todav√≠a. C√≥mo me alegro de haberme equivocado.,NEU
145892508818350080,Si me da tiempo os subo alguna foto... Os quierooooo!!!,P
771069415710490630,Se qu√© razas est√°n entre mis preferencias... pero va a ser muy dif√≠cil adoptar alguna de ellas ,N
768055711590977536,"@achocoblog ... bueno, desierta, desierta, no, con algunos seres fe√©ricos  ",P
813227955375771648,cuando escucho everything is awesome recuerdo mis d√≠as en üá®üáø con el buen Joshua,NONE
170979754823008256,"Pues a mi me da igual que existan los sindicatos. Otra cosa es que los subvencionen, de eso ni hablar. Q se financien con cuotas d afiliados",N
162536772981633024,M√©dicos Sin Fronteras cesa su actividad en las c√°rceles de Misrata (Libia) por las torturas http://t.co/7xW9AFQ2,N
171956162097446912,importante.. http://t.co/aI432yAg,NONE
189795304692916224,Nace una jirafa en el @zoomadrid  la primera de su especie en 36 a√±os http://t.co/NGVrDBv5 v√≠a @pablo_roy y la informaci√≥n,P
148806305853865984,"Contin√∫a CIU con austeridad, rigor y solidaridad, mediante ley √≥mnibus( un sarcasmo), s√≥lo alg√∫n pellizco con el estatut.",N
797149515799293952,"A mi si me gustan los carros renos, a veces los veo bonitos, a veces rid√≠culos, en cualquiera de los casos, me sacan una sonrisa",P
169697221799972864,RT @PrensaCs: @Albert_Rivera 'los ciudadanos tienen derecho a saber si lo q  hace el govern con las nuevas tasas  es inconstitucional o no',NEU
148739730606010368,Cualquier elemento que distorsione la sana convivencia y la unidad se eliminara. Me gusta musica y letra,P
183090439606370304,"http://t.co/iBkRzDGNvideocap√≠tulo del concierto de Veracruz, homenajeando a otro gran poeta mexicano, Agust√≠n Lara.",P
770291852914425857,@Rakshasa21 Pues no disfrutar√°s de un Dulce suelo ,N
155980368510586880,"Vale, me hab√©is convencido! A verla! http://t.co/qSPKoQIF",P
171304544532312064,Gran victoria del Real Madrid de Baloncesto frente al Barcelona en la final de la Copa del Rey #halamadrid,P
788962460552179712,Pues que estoy hablando y en eso me sale el lado √±o√±o que esta dentro de mi todo mal yo hablando de trastornos de personalidad!,N
174964416654221314,"lo tendr√© en cuenta. Pero no parece cercano...mas bien hay q emigrar... ‚Äú@TrasgodeGaceta:  Cuando se pueda elegir ser Liechtenstein, avisa‚Äù",N
157161118828199936,No se puede utilizar la crisis como excusa para privatizar servicios p√∫blicos. Atacar a lo p√∫blico es atacar a la democracia.,N
808898480982867968,Y al noveno d√≠a le dije todo a la Marina #Mejorando,NONE
770711642971734016,@thorelvasco @PabloGenis yo no me tiro pedos soy un princeso ,NONE
151976027424436225,¬°Noticias descombacantes! est√° disponible! http://t.co/pdWFYyRa ? Historias del d√≠a por @atorrem,P
173915379431772161,#OscarCanalPlus pero me muero de sue√±o y ma√±ana tengo que madrugar :(,N
185520324538929153,enough today.... dos huelgas m√°s como √©sta y unos cuantos somos hombres muertos!!... ma√±ana estar√© a las 13.30h en @mananascuatro,N
157173101799546880,Alonso dice que en Andaluc√≠a no hay corrupci√≥n. Risas en el hemiciclo. @TelediarioInter 20:30,N
169518043196702720,Doy por seguro q en la zona de prensa del Congreso de los diputados la temperatura supera los 31¬∞C ...,NONE
163654008014241792,Mucha actividad este domingo.La candidatura con Trinidad Jim√©nez de portavoz ha analizado la cumbre europea de ma√±ana. http://t.co/30kKOvLj,NONE
164754602359660544,"Hoy en @hora25 otra pillada de Rajoy, ""Vivo en un l√≠o"", ha dicho, y las declaraciones surrealistas de algunos de sus ministros.",N
806720027038728192,"@Arnaldocaa Ya beb√≠, pero soy m√°s arrechera que persona",NONE
162531266015666176,"Moren√©s a UpyD. ""No soy extraordinariamente rico. Lo que tengo me lo he ganado"". Referencias sobre su pasado en la industria de armamento",P
186561502948503553,Hasta ma√±ana...! Buenas noches!,P
177897397391859714,Somos el reformismo del SUR y el #cambioandaluz que los andaluces ya votaron para sus ayuntamientos y el Gobierno de Espa√±a. #votaPP #25M,P
178075154637795328,Ya est√° convocada la huelga general para el 29 tal y como os adelant√© ayer. ¬øOs parece justificada?,NEU
157099725898784769,El d√≠a http://t.co/4Z4AMmZi,NONE
771615244720365568,"Demasiadas cosas raras en poco tiempo! Anda y que les follen
0 complicaciones
0 historias 
 Me voy a la playa y viva Espa√±a! ",N
181379853877125120,"@_Rubalcaba_ en Roquetas de Mar: en el f√∫tbol el 2 tiempo es fundamental, en campa√±as electorales la 2 semana es clave http://t.co/3MZ5Kxdz",NONE
176070026988756994,"Hoy ha fallecido Pepi, la mujer de Chiquito de la Calzada. Ella era sus pies, sus manos, su todo. Ya he estado con el. Mucha fuerza Gregorio",NEU
170622953170546688,3/ Se mantiene el rechazo de la tortura animal en TVE.4/ Se suprime la referencia redundante y contradictoria en horario infantil.,P
189454572555739136,"‚Äú@RicardoJavierre: Si quieres lo puedes marear,me traes otros auriculares? prensa deportiva te queda algo? que yo queria menu vegetarino‚Äù",NONE
164801671443132416,Mas va pidiendo concierto econ√≥mico buscando l diferencia y copiando privilegios mientras se esconde ante ls 200M tirados en #Spanair,N
147717422181388288,Un beso a las dos. Genial. ;) RT @dariela2311: @AlejandroSanz Increible cierre de gira mi hija (cont) http://t.co/LNrGe4nt,P
187475593175109632,Primera semana santa de vacaciones en 35 a√±os a disfrutarla junto mi amor @RominaBelluscio y mis grandes amigos @wallylopez  @maytitalozano,P
770242545574113284,"joder pobres hombres est√°n oprimidos por mujeres que les obligan a afeitarse 
#justice4hombres https://t.co/C09iDQQr39",N
164697034845196288,Medio obligado pero ah√≠ esta el fen√≥meno. http://t.co/gXzUllAl,P
146290026374901761,"""Me basta y me sobra"" dice @GLlamazares tras quedarse de diputado raso en el #congreso http://t.co/oDuxvehX. @Cayo_Lara, portavoz de @iunida",P
165749839592828929,"Despu√©s de rechazar liderazgos personales, la frase: ""Yo ser√© un lider socialista fuerte, a m√≠ no me van a quebrar"".",P
187315514622750720,"#curiosidaddelinsomne Bolsa baja, prima de riesgo sube. ¬øAlg√∫n otro signo de confianza de los mercados en los Presupuestos de Rajoy?",N
814314645666332672,"@JessicaSolano veras que no es nada grave, mejor ahora que le hagan todo... yo tambi√©n por San Miguel sola",P
166405115169878016,Obama en entrevista TV dice q cree q Israel no ha decidido si atacar√° o no a Ir√°n. Hace 4 d√≠as su secretario de defensa apoyaba lo contrario,NEU
175251936461864961,Un besazo hasta Sevilla. RT @PAQUIKAVITO: @Jas_Sevilla @siempreesdnoche @alejandrosanz gracias salao!!! Besos pa Sevilla !!!,P
